mode,consent_id,node,endpoint,revoke_submit_epoch_ms,first_seen_epoch_ms,block_number,delta_ms_vs_submit,delta_ms_vs_first_node
concurrent,0x0d03be26f651d27d96f1ed9a2c45d9e5fcb2cdcb2a736554d571645bd6b8109a,node1,http://localhost:8545,1780603285172,1780603287219,12469,2047,0
concurrent,0x0d03be26f651d27d96f1ed9a2c45d9e5fcb2cdcb2a736554d571645bd6b8109a,node2,http://localhost:8546,1780603285172,1780603287220,12469,2048,1
concurrent,0x0d03be26f651d27d96f1ed9a2c45d9e5fcb2cdcb2a736554d571645bd6b8109a,node3,http://localhost:8547,1780603285172,1780603287220,12469,2048,1
concurrent,0xa0f3b313bf64ba2ccac51f9e74e2f3cb0e6340636b23b80598878948f439f68c,node1,http://localhost:8545,1780603283309,1780603285132,12468,1823,0
concurrent,0xa0f3b313bf64ba2ccac51f9e74e2f3cb0e6340636b23b80598878948f439f68c,node2,http://localhost:8546,1780603283309,1780603285133,12468,1824,1
concurrent,0xa0f3b313bf64ba2ccac51f9e74e2f3cb0e6340636b23b80598878948f439f68c,node3,http://localhost:8547,1780603283309,1780603285133,12468,1824,1
concurrent,0xa9fdcc13b45f1160d7989d9d86a6bf0e59f2d58c18d8e0aeb6ffb6c94a5f8557,node1,http://localhost:8545,1780603283309,1780603285132,12468,1823,0
concurrent,0xa9fdcc13b45f1160d7989d9d86a6bf0e59f2d58c18d8e0aeb6ffb6c94a5f8557,node2,http://localhost:8546,1780603283309,1780603285133,12468,1824,1
concurrent,0xa9fdcc13b45f1160d7989d9d86a6bf0e59f2d58c18d8e0aeb6ffb6c94a5f8557,node3,http://localhost:8547,1780603283309,1780603285133,12468,1824,1
concurrent,0x6c4fe199175d9bd409e043f1ad874ffe16215adc0e8395ed3b1562a8dd6b3c8c,node1,http://localhost:8545,1780603289150,1780603291128,12471,1978,0
concurrent,0x6c4fe199175d9bd409e043f1ad874ffe16215adc0e8395ed3b1562a8dd6b3c8c,node2,http://localhost:8546,1780603289150,1780603291128,12471,1978,0
concurrent,0x6c4fe199175d9bd409e043f1ad874ffe16215adc0e8395ed3b1562a8dd6b3c8c,node3,http://localhost:8547,1780603289150,1780603291129,12471,1979,1
concurrent,0xb9379ebfea297febdc7ca686887aa7ccb126a6f797f58ec55ca824fc4c69ba22,node1,http://localhost:8545,1780603289150,1780603291128,12471,1978,0
concurrent,0xb9379ebfea297febdc7ca686887aa7ccb126a6f797f58ec55ca824fc4c69ba22,node2,http://localhost:8546,1780603289150,1780603291128,12471,1978,0
concurrent,0xb9379ebfea297febdc7ca686887aa7ccb126a6f797f58ec55ca824fc4c69ba22,node3,http://localhost:8547,1780603289150,1780603291129,12471,1979,1
concurrent,0x5f5c9f1986cd0edc2d0f0ff4edec4fd0d33b46ca691aec694d8598ecf141282c,node1,http://localhost:8545,1780603289150,1780603291128,12471,1978,0
concurrent,0x5f5c9f1986cd0edc2d0f0ff4edec4fd0d33b46ca691aec694d8598ecf141282c,node2,http://localhost:8546,1780603289150,1780603291128,12471,1978,0
concurrent,0x5f5c9f1986cd0edc2d0f0ff4edec4fd0d33b46ca691aec694d8598ecf141282c,node3,http://localhost:8547,1780603289150,1780603291129,12471,1979,1
concurrent,0x86b19648d7776141d508db40101432d4ce1160e09fd2cc44c27d28e43b3ae681,node1,http://localhost:8545,1780603285173,1780603287219,12469,2046,0
concurrent,0x86b19648d7776141d508db40101432d4ce1160e09fd2cc44c27d28e43b3ae681,node2,http://localhost:8546,1780603285173,1780603287220,12469,2047,1
concurrent,0x86b19648d7776141d508db40101432d4ce1160e09fd2cc44c27d28e43b3ae681,node3,http://localhost:8547,1780603285173,1780603287220,12469,2047,1
concurrent,0x4d47477221e942e04cf97b3ee33cc77db359629a8c68a185b2a46a2392694408,node1,http://localhost:8545,1780603293131,1780603295054,12473,1923,0
concurrent,0x4d47477221e942e04cf97b3ee33cc77db359629a8c68a185b2a46a2392694408,node2,http://localhost:8546,1780603293131,1780603295108,12473,1977,54
concurrent,0x4d47477221e942e04cf97b3ee33cc77db359629a8c68a185b2a46a2392694408,node3,http://localhost:8547,1780603293131,1780603295085,12473,1954,31
concurrent,0x3e36d847b1ab86c4e0e7d35d0f643ffd0a0b7561c210d256a6b66290d8d280be,node1,http://localhost:8545,1780603289150,1780603291128,12471,1978,0
concurrent,0x3e36d847b1ab86c4e0e7d35d0f643ffd0a0b7561c210d256a6b66290d8d280be,node2,http://localhost:8546,1780603289150,1780603291128,12471,1978,0
concurrent,0x3e36d847b1ab86c4e0e7d35d0f643ffd0a0b7561c210d256a6b66290d8d280be,node3,http://localhost:8547,1780603289150,1780603291129,12471,1979,1
concurrent,0xd21ef07ff71d8cf53e8a08ad818728b6c4e161028e370f4e81dd35192fd84857,node1,http://localhost:8545,1780603289150,1780603291128,12471,1978,0
concurrent,0xd21ef07ff71d8cf53e8a08ad818728b6c4e161028e370f4e81dd35192fd84857,node2,http://localhost:8546,1780603289150,1780603291128,12471,1978,0
concurrent,0xd21ef07ff71d8cf53e8a08ad818728b6c4e161028e370f4e81dd35192fd84857,node3,http://localhost:8547,1780603289150,1780603291129,12471,1979,1
concurrent,0x78adbdac57fe947d0fa7bb44f9bd00a4c23d43d1c4ad37b3ffe8b580890aecff,node1,http://localhost:8545,1780603287288,1780603289042,12470,1754,0
concurrent,0x78adbdac57fe947d0fa7bb44f9bd00a4c23d43d1c4ad37b3ffe8b580890aecff,node2,http://localhost:8546,1780603287288,1780603289044,12470,1756,2
concurrent,0x78adbdac57fe947d0fa7bb44f9bd00a4c23d43d1c4ad37b3ffe8b580890aecff,node3,http://localhost:8547,1780603287288,1780603289042,12470,1754,0
concurrent,0x82a65fecf2c5c52896664205addea734ce8182df978441a4eab2b64a3717d6b9,node1,http://localhost:8545,1780603291270,1780603293233,12472,1963,1
concurrent,0x82a65fecf2c5c52896664205addea734ce8182df978441a4eab2b64a3717d6b9,node2,http://localhost:8546,1780603291270,1780603293232,12472,1962,0
concurrent,0x82a65fecf2c5c52896664205addea734ce8182df978441a4eab2b64a3717d6b9,node3,http://localhost:8547,1780603291270,1780603293233,12472,1963,1
concurrent,0x94b394729bb0f87cd7563f52bb7f3a453741c1d294f133bde59421e3e304e7cf,node1,http://localhost:8545,1780603291270,1780603293233,12472,1963,1
concurrent,0x94b394729bb0f87cd7563f52bb7f3a453741c1d294f133bde59421e3e304e7cf,node2,http://localhost:8546,1780603291270,1780603293232,12472,1962,0
concurrent,0x94b394729bb0f87cd7563f52bb7f3a453741c1d294f133bde59421e3e304e7cf,node3,http://localhost:8547,1780603291270,1780603293233,12472,1963,1
concurrent,0x9adbc4b19b4a6dee9f74049e9da51d2b076c144f9e3b9d4a6b1b560ba6bc62d3,node1,http://localhost:8545,1780603301100,1780603303116,12477,2016,55
concurrent,0x9adbc4b19b4a6dee9f74049e9da51d2b076c144f9e3b9d4a6b1b560ba6bc62d3,node2,http://localhost:8546,1780603301100,1780603303061,12477,1961,0
concurrent,0x9adbc4b19b4a6dee9f74049e9da51d2b076c144f9e3b9d4a6b1b560ba6bc62d3,node3,http://localhost:8547,1780603301100,1780603303118,12477,2018,57
concurrent,0xabab7d7ec1bdb8d5acc3e39a7340078563b996987734d720ace483d156a67de4,node1,http://localhost:8545,1780603303230,1780603305208,12478,1978,22
concurrent,0xabab7d7ec1bdb8d5acc3e39a7340078563b996987734d720ace483d156a67de4,node2,http://localhost:8546,1780603303230,1780603305186,12478,1956,0
concurrent,0xabab7d7ec1bdb8d5acc3e39a7340078563b996987734d720ace483d156a67de4,node3,http://localhost:8547,1780603303230,1780603305208,12478,1978,22
concurrent,0x5313f8b5c129fcdf6196bddf809137e79d5a04cf42337d2237453fc2ff0d3399,node1,http://localhost:8545,1780603295251,1780603297194,12474,1943,82
concurrent,0x5313f8b5c129fcdf6196bddf809137e79d5a04cf42337d2237453fc2ff0d3399,node2,http://localhost:8546,1780603295251,1780603297112,12474,1861,0
concurrent,0x5313f8b5c129fcdf6196bddf809137e79d5a04cf42337d2237453fc2ff0d3399,node3,http://localhost:8547,1780603295251,1780603297151,12474,1900,39
concurrent,0x46a538cf4d2e2297628c4048ed95f169501a0ee438a2febe06dc263986b8a5f0,node1,http://localhost:8545,1780603283309,1780603285132,12468,1823,0
concurrent,0x46a538cf4d2e2297628c4048ed95f169501a0ee438a2febe06dc263986b8a5f0,node2,http://localhost:8546,1780603283309,1780603285133,12468,1824,1
concurrent,0x46a538cf4d2e2297628c4048ed95f169501a0ee438a2febe06dc263986b8a5f0,node3,http://localhost:8547,1780603283309,1780603285133,12468,1824,1
concurrent,0xbe28b058d8e701363c77366093e9fb64039254c8d2746f8e997dbbf48bd471e5,node1,http://localhost:8545,1780603285172,1780603287219,12469,2047,0
concurrent,0xbe28b058d8e701363c77366093e9fb64039254c8d2746f8e997dbbf48bd471e5,node2,http://localhost:8546,1780603285172,1780603287220,12469,2048,1
concurrent,0xbe28b058d8e701363c77366093e9fb64039254c8d2746f8e997dbbf48bd471e5,node3,http://localhost:8547,1780603285172,1780603287220,12469,2048,1
concurrent,0x74f02576187a2c61a56edc212d1caa596bdc353b10e8abf352b910110de0122d,node1,http://localhost:8545,1780603283309,1780603285132,12468,1823,0
concurrent,0x74f02576187a2c61a56edc212d1caa596bdc353b10e8abf352b910110de0122d,node2,http://localhost:8546,1780603283309,1780603285133,12468,1824,1
concurrent,0x74f02576187a2c61a56edc212d1caa596bdc353b10e8abf352b910110de0122d,node3,http://localhost:8547,1780603283309,1780603285133,12468,1824,1
concurrent,0x696a0bf5fe4356368a4fc18778c0ff6a9c44f7a5113012f4b8fefb10dc9d4d42,node1,http://localhost:8545,1780603293131,1780603295054,12473,1923,0
concurrent,0x696a0bf5fe4356368a4fc18778c0ff6a9c44f7a5113012f4b8fefb10dc9d4d42,node2,http://localhost:8546,1780603293131,1780603295108,12473,1977,54
concurrent,0x696a0bf5fe4356368a4fc18778c0ff6a9c44f7a5113012f4b8fefb10dc9d4d42,node3,http://localhost:8547,1780603293131,1780603295085,12473,1954,31
concurrent,0xf61bad71e581f95bad14809ba6d871e6582b3c719e9af9a38beab9fe19da8601,node1,http://localhost:8545,1780603307174,1780603309131,12480,1957,89
concurrent,0xf61bad71e581f95bad14809ba6d871e6582b3c719e9af9a38beab9fe19da8601,node2,http://localhost:8546,1780603307174,1780603309042,12480,1868,0
concurrent,0xf61bad71e581f95bad14809ba6d871e6582b3c719e9af9a38beab9fe19da8601,node3,http://localhost:8547,1780603307174,1780603309132,12480,1958,90
concurrent,0xc4b4fe033974bcc6f24073e64f2de2013afeb7fe64346aa0c6183618206a6f2f,node1,http://localhost:8545,1780603303230,1780603305208,12478,1978,22
concurrent,0xc4b4fe033974bcc6f24073e64f2de2013afeb7fe64346aa0c6183618206a6f2f,node2,http://localhost:8546,1780603303230,1780603305186,12478,1956,0
concurrent,0xc4b4fe033974bcc6f24073e64f2de2013afeb7fe64346aa0c6183618206a6f2f,node3,http://localhost:8547,1780603303230,1780603305208,12478,1978,22
concurrent,0xaa0852174b7b5a9c4fc2e5fbb389ae683bccd865d949480cadcd88cbaa0003b7,node1,http://localhost:8545,1780603305092,1780603307317,12479,2225,56
concurrent,0xaa0852174b7b5a9c4fc2e5fbb389ae683bccd865d949480cadcd88cbaa0003b7,node2,http://localhost:8546,1780603305092,1780603307261,12479,2169,0
concurrent,0xaa0852174b7b5a9c4fc2e5fbb389ae683bccd865d949480cadcd88cbaa0003b7,node3,http://localhost:8547,1780603305092,1780603307319,12479,2227,58
concurrent,0x78f7b4fec6b53a88ec57cb7aadf5e3635b87ed0d5b5fe52ee0b82159cbee307e,node1,http://localhost:8545,1780603313290,1780603315117,12483,1827,0
concurrent,0x78f7b4fec6b53a88ec57cb7aadf5e3635b87ed0d5b5fe52ee0b82159cbee307e,node2,http://localhost:8546,1780603313290,1780603315281,12483,1991,164
concurrent,0x78f7b4fec6b53a88ec57cb7aadf5e3635b87ed0d5b5fe52ee0b82159cbee307e,node3,http://localhost:8547,1780603313290,1780603315117,12483,1827,0
concurrent,0x3af46ce5e6087a0a7c22a0645f6a38ae23a54fd93fab1063b0c3d220192ec9f5,node1,http://localhost:8545,1780603303230,1780603305208,12478,1978,22
concurrent,0x3af46ce5e6087a0a7c22a0645f6a38ae23a54fd93fab1063b0c3d220192ec9f5,node2,http://localhost:8546,1780603303230,1780603305186,12478,1956,0
concurrent,0x3af46ce5e6087a0a7c22a0645f6a38ae23a54fd93fab1063b0c3d220192ec9f5,node3,http://localhost:8547,1780603303230,1780603305208,12478,1978,22
concurrent,0x9e439fd9105ce48cda053c849845a878d8eb3e838d373f1dff158fe48e41fd0b,node1,http://localhost:8545,1780603313290,1780603315117,12483,1827,0
concurrent,0x9e439fd9105ce48cda053c849845a878d8eb3e838d373f1dff158fe48e41fd0b,node2,http://localhost:8546,1780603313290,1780603315281,12483,1991,164
concurrent,0x9e439fd9105ce48cda053c849845a878d8eb3e838d373f1dff158fe48e41fd0b,node3,http://localhost:8547,1780603313290,1780603315117,12483,1827,0
concurrent,0xe02f4f061b60cdaad6d99448e93c064e884ed707c939e8d49e54cf3a91dc80ca,node1,http://localhost:8545,1780603287288,1780603289042,12470,1754,0
concurrent,0xe02f4f061b60cdaad6d99448e93c064e884ed707c939e8d49e54cf3a91dc80ca,node2,http://localhost:8546,1780603287288,1780603289044,12470,1756,2
concurrent,0xe02f4f061b60cdaad6d99448e93c064e884ed707c939e8d49e54cf3a91dc80ca,node3,http://localhost:8547,1780603287288,1780603289042,12470,1754,0
concurrent,0xa5499ddb7d4b506ac41e7c78991e5b1e7f69298ee4e0013486fac10b5cae9572,node1,http://localhost:8545,1780603307173,1780603309131,12480,1958,89
concurrent,0xa5499ddb7d4b506ac41e7c78991e5b1e7f69298ee4e0013486fac10b5cae9572,node2,http://localhost:8546,1780603307173,1780603309042,12480,1869,0
concurrent,0xa5499ddb7d4b506ac41e7c78991e5b1e7f69298ee4e0013486fac10b5cae9572,node3,http://localhost:8547,1780603307173,1780603309132,12480,1959,90
concurrent,0x84814a5dbb90d7d334b2b0022b33d9df0521d3baf7c4c89c98326877fc7a6219,node1,http://localhost:8545,1780603307174,1780603309131,12480,1957,89
concurrent,0x84814a5dbb90d7d334b2b0022b33d9df0521d3baf7c4c89c98326877fc7a6219,node2,http://localhost:8546,1780603307174,1780603309042,12480,1868,0
concurrent,0x84814a5dbb90d7d334b2b0022b33d9df0521d3baf7c4c89c98326877fc7a6219,node3,http://localhost:8547,1780603307174,1780603309132,12480,1958,90
concurrent,0x347561833f44a1cc4d721c3cd8ec89861f59b048b81d1238d31537f6b322a0bf,node1,http://localhost:8545,1780603287288,1780603289042,12470,1754,0
concurrent,0x347561833f44a1cc4d721c3cd8ec89861f59b048b81d1238d31537f6b322a0bf,node2,http://localhost:8546,1780603287288,1780603289044,12470,1756,2
concurrent,0x347561833f44a1cc4d721c3cd8ec89861f59b048b81d1238d31537f6b322a0bf,node3,http://localhost:8547,1780603287288,1780603289042,12470,1754,0
concurrent,0x58fbfed25c768bf0322eb741f38dc31354c43e8ec877a4178e95dfc87cff4773,node1,http://localhost:8545,1780603317258,1780603319284,12485,2026,69
concurrent,0x58fbfed25c768bf0322eb741f38dc31354c43e8ec877a4178e95dfc87cff4773,node2,http://localhost:8546,1780603317258,1780603319215,12485,1957,0
concurrent,0x58fbfed25c768bf0322eb741f38dc31354c43e8ec877a4178e95dfc87cff4773,node3,http://localhost:8547,1780603317258,1780603319285,12485,2027,70
concurrent,0x8147a5289eb478f0829f701363874b81d01817543d0aae4203ff739c4e649e83,node1,http://localhost:8545,1780603315145,1780603317184,12484,2039,89
concurrent,0x8147a5289eb478f0829f701363874b81d01817543d0aae4203ff739c4e649e83,node2,http://localhost:8546,1780603315145,1780603317095,12484,1950,0
concurrent,0x8147a5289eb478f0829f701363874b81d01817543d0aae4203ff739c4e649e83,node3,http://localhost:8547,1780603315145,1780603317184,12484,2039,89
concurrent,0x808d33f0141132c28339e06c8106652157a913a209329b7c601f28feed1a825b,node1,http://localhost:8545,1780603293131,1780603295054,12473,1923,0
concurrent,0x808d33f0141132c28339e06c8106652157a913a209329b7c601f28feed1a825b,node2,http://localhost:8546,1780603293131,1780603295108,12473,1977,54
concurrent,0x808d33f0141132c28339e06c8106652157a913a209329b7c601f28feed1a825b,node3,http://localhost:8547,1780603293131,1780603295085,12473,1954,31
concurrent,0x64edf6764b9ee6b30b93477ed569eedec45728046a08a32a8fb198d00f996daf,node1,http://localhost:8545,1780603307174,1780603309131,12480,1957,89
concurrent,0x64edf6764b9ee6b30b93477ed569eedec45728046a08a32a8fb198d00f996daf,node2,http://localhost:8546,1780603307174,1780603309042,12480,1868,0
concurrent,0x64edf6764b9ee6b30b93477ed569eedec45728046a08a32a8fb198d00f996daf,node3,http://localhost:8547,1780603307174,1780603309132,12480,1958,90
concurrent,0x56bfc6af3a52e77bc8e540a40f03d974146b06e51f2c7f972f913e1e0728269d,node1,http://localhost:8545,1780603313290,1780603315117,12483,1827,0
concurrent,0x56bfc6af3a52e77bc8e540a40f03d974146b06e51f2c7f972f913e1e0728269d,node2,http://localhost:8546,1780603313290,1780603315281,12483,1991,164
concurrent,0x56bfc6af3a52e77bc8e540a40f03d974146b06e51f2c7f972f913e1e0728269d,node3,http://localhost:8547,1780603313290,1780603315117,12483,1827,0
concurrent,0x1fddd587ee93a61d38607b659d757be76200361fe75e96b9d7801c35497e50ee,node1,http://localhost:8545,1780603301100,1780603303116,12477,2016,55
concurrent,0x1fddd587ee93a61d38607b659d757be76200361fe75e96b9d7801c35497e50ee,node2,http://localhost:8546,1780603301100,1780603303061,12477,1961,0
concurrent,0x1fddd587ee93a61d38607b659d757be76200361fe75e96b9d7801c35497e50ee,node3,http://localhost:8547,1780603301100,1780603303118,12477,2018,57
concurrent,0xe6e0a0d2235381771fdddf24bdc668ad39c41afad1f8fc2fbfa4c6c35bb1d064,node1,http://localhost:8545,1780603309304,1780603311246,12481,1942,120
concurrent,0xe6e0a0d2235381771fdddf24bdc668ad39c41afad1f8fc2fbfa4c6c35bb1d064,node2,http://localhost:8546,1780603309304,1780603311126,12481,1822,0
concurrent,0xe6e0a0d2235381771fdddf24bdc668ad39c41afad1f8fc2fbfa4c6c35bb1d064,node3,http://localhost:8547,1780603309304,1780603311246,12481,1942,120
concurrent,0x13a6e47facb89eaf09bc6e9e2fb2c11803856faed4b85ad97b2e4e92fc8aca55,node1,http://localhost:8545,1780603297109,1780603299225,12475,2116,36
concurrent,0x13a6e47facb89eaf09bc6e9e2fb2c11803856faed4b85ad97b2e4e92fc8aca55,node2,http://localhost:8546,1780603297109,1780603299189,12475,2080,0
concurrent,0x13a6e47facb89eaf09bc6e9e2fb2c11803856faed4b85ad97b2e4e92fc8aca55,node3,http://localhost:8547,1780603297109,1780603299238,12475,2129,49
concurrent,0x4686b16b9061c28efd7b958f9657c8058c1cf5a055abbe85f41f549b7bb62e91,node1,http://localhost:8545,1780603317258,1780603319284,12485,2026,69
concurrent,0x4686b16b9061c28efd7b958f9657c8058c1cf5a055abbe85f41f549b7bb62e91,node2,http://localhost:8546,1780603317258,1780603319215,12485,1957,0
concurrent,0x4686b16b9061c28efd7b958f9657c8058c1cf5a055abbe85f41f549b7bb62e91,node3,http://localhost:8547,1780603317258,1780603319285,12485,2027,70
concurrent,0xb53fa0dc850b7f18bfa3cd6474a8d9d4879ee114941ec5ac72c52da4d8b1cfee,node1,http://localhost:8545,1780603307174,1780603309131,12480,1957,89
concurrent,0xb53fa0dc850b7f18bfa3cd6474a8d9d4879ee114941ec5ac72c52da4d8b1cfee,node2,http://localhost:8546,1780603307174,1780603309042,12480,1868,0
concurrent,0xb53fa0dc850b7f18bfa3cd6474a8d9d4879ee114941ec5ac72c52da4d8b1cfee,node3,http://localhost:8547,1780603307174,1780603309132,12480,1958,90
concurrent,0xad0605c1070e4f45e2554aeb013fb66d97fb809c1f434e832275f89e4536100d,node1,http://localhost:8545,1780603297109,1780603299225,12475,2116,36
concurrent,0xad0605c1070e4f45e2554aeb013fb66d97fb809c1f434e832275f89e4536100d,node2,http://localhost:8546,1780603297109,1780603299189,12475,2080,0
concurrent,0xad0605c1070e4f45e2554aeb013fb66d97fb809c1f434e832275f89e4536100d,node3,http://localhost:8547,1780603297109,1780603299238,12475,2129,49
concurrent,0x6f5c3c90a29ce5a6b134ca8b4607fe62e5439c9701d58d2b80304f85bd3b8e9c,node1,http://localhost:8545,1780603307174,1780603309131,12480,1957,89
concurrent,0x6f5c3c90a29ce5a6b134ca8b4607fe62e5439c9701d58d2b80304f85bd3b8e9c,node2,http://localhost:8546,1780603307174,1780603309042,12480,1868,0
concurrent,0x6f5c3c90a29ce5a6b134ca8b4607fe62e5439c9701d58d2b80304f85bd3b8e9c,node3,http://localhost:8547,1780603307174,1780603309132,12480,1958,90
concurrent,0xd2982c5b06adfa2fe9ed97dec3a9cf7cad4f8b7612af318bb019e6dcc6684923,node1,http://localhost:8545,1780603309304,1780603311246,12481,1942,120
concurrent,0xd2982c5b06adfa2fe9ed97dec3a9cf7cad4f8b7612af318bb019e6dcc6684923,node2,http://localhost:8546,1780603309304,1780603311126,12481,1822,0
concurrent,0xd2982c5b06adfa2fe9ed97dec3a9cf7cad4f8b7612af318bb019e6dcc6684923,node3,http://localhost:8547,1780603309304,1780603311246,12481,1942,120
concurrent,0xcd7c328b860d5cdff242aecf2f05f40d27a8fcd91398a0a8fddba42d2dc27a37,node1,http://localhost:8545,1780603321233,1780603323216,12487,1983,85
concurrent,0xcd7c328b860d5cdff242aecf2f05f40d27a8fcd91398a0a8fddba42d2dc27a37,node2,http://localhost:8546,1780603321233,1780603323131,12487,1898,0
concurrent,0xcd7c328b860d5cdff242aecf2f05f40d27a8fcd91398a0a8fddba42d2dc27a37,node3,http://localhost:8547,1780603321233,1780603323217,12487,1984,86
concurrent,0xb269e0ed8476b02b6c56de477ba53f8ed723d128acf76f6d0479988c0ad17090,node1,http://localhost:8545,1780603305092,1780603307317,12479,2225,56
concurrent,0xb269e0ed8476b02b6c56de477ba53f8ed723d128acf76f6d0479988c0ad17090,node2,http://localhost:8546,1780603305092,1780603307261,12479,2169,0
concurrent,0xb269e0ed8476b02b6c56de477ba53f8ed723d128acf76f6d0479988c0ad17090,node3,http://localhost:8547,1780603305092,1780603307319,12479,2227,58
concurrent,0x2ff0688970cb8dde205d6374fa879e2d03f3daf9982da3dad27218fd54eb0b0c,node1,http://localhost:8545,1780603313290,1780603315117,12483,1827,0
concurrent,0x2ff0688970cb8dde205d6374fa879e2d03f3daf9982da3dad27218fd54eb0b0c,node2,http://localhost:8546,1780603313290,1780603315281,12483,1991,164
concurrent,0x2ff0688970cb8dde205d6374fa879e2d03f3daf9982da3dad27218fd54eb0b0c,node3,http://localhost:8547,1780603313290,1780603315117,12483,1827,0
concurrent,0xe13e3755ba08841e9b428070fdd6c5df02d26499b7c2d24df283d622eb1f1f14,node1,http://localhost:8545,1780603313290,1780603315117,12483,1827,0
concurrent,0xe13e3755ba08841e9b428070fdd6c5df02d26499b7c2d24df283d622eb1f1f14,node2,http://localhost:8546,1780603313290,1780603315281,12483,1991,164
concurrent,0xe13e3755ba08841e9b428070fdd6c5df02d26499b7c2d24df283d622eb1f1f14,node3,http://localhost:8547,1780603313290,1780603315117,12483,1827,0
concurrent,0x85b42b6d02da55db21a3fdea7f5b908cb7f6aceac8888734288d46febd1bf49e,node1,http://localhost:8545,1780603301100,1780603303116,12477,2016,55
concurrent,0x85b42b6d02da55db21a3fdea7f5b908cb7f6aceac8888734288d46febd1bf49e,node2,http://localhost:8546,1780603301100,1780603303061,12477,1961,0
concurrent,0x85b42b6d02da55db21a3fdea7f5b908cb7f6aceac8888734288d46febd1bf49e,node3,http://localhost:8547,1780603301100,1780603303118,12477,2018,57
concurrent,0x35e0d59821a16eb73e32bae12d900aca85e5d33f59875b6d410c324d0e62e7c6,node1,http://localhost:8545,1780603321233,1780603323216,12487,1983,85
concurrent,0x35e0d59821a16eb73e32bae12d900aca85e5d33f59875b6d410c324d0e62e7c6,node2,http://localhost:8546,1780603321233,1780603323131,12487,1898,0
concurrent,0x35e0d59821a16eb73e32bae12d900aca85e5d33f59875b6d410c324d0e62e7c6,node3,http://localhost:8547,1780603321233,1780603323217,12487,1984,86
concurrent,0x8e038ff374acf76710c58d7bedc4fe69d3fca4a3f2b5b13613c65d36469568e6,node1,http://localhost:8545,1780603317258,1780603319284,12485,2026,69
concurrent,0x8e038ff374acf76710c58d7bedc4fe69d3fca4a3f2b5b13613c65d36469568e6,node2,http://localhost:8546,1780603317258,1780603319215,12485,1957,0
concurrent,0x8e038ff374acf76710c58d7bedc4fe69d3fca4a3f2b5b13613c65d36469568e6,node3,http://localhost:8547,1780603317258,1780603319285,12485,2027,70
concurrent,0x8407036b39fbe36fae0b03db4f6b13f26b01dc1e712273d84ad45d60006d4dde,node1,http://localhost:8545,1780603305092,1780603307317,12479,2225,56
concurrent,0x8407036b39fbe36fae0b03db4f6b13f26b01dc1e712273d84ad45d60006d4dde,node2,http://localhost:8546,1780603305092,1780603307261,12479,2169,0
concurrent,0x8407036b39fbe36fae0b03db4f6b13f26b01dc1e712273d84ad45d60006d4dde,node3,http://localhost:8547,1780603305092,1780603307319,12479,2227,58
concurrent,0x2c734db9ddb949baa30db13e065969af4cb30c526b23b550cb15ce118b09fb05,node1,http://localhost:8545,1780603327302,1780603329234,12490,1932,152
concurrent,0x2c734db9ddb949baa30db13e065969af4cb30c526b23b550cb15ce118b09fb05,node2,http://localhost:8546,1780603327302,1780603329082,12490,1780,0
concurrent,0x2c734db9ddb949baa30db13e065969af4cb30c526b23b550cb15ce118b09fb05,node3,http://localhost:8547,1780603327302,1780603329235,12490,1933,153
concurrent,0x64a42834aa99fed505b7f42375fad3bb6559d14ea401cb8b4dc5e2c61496ff0b,node1,http://localhost:8545,1780603285172,1780603287219,12469,2047,0
concurrent,0x64a42834aa99fed505b7f42375fad3bb6559d14ea401cb8b4dc5e2c61496ff0b,node2,http://localhost:8546,1780603285172,1780603287220,12469,2048,1
concurrent,0x64a42834aa99fed505b7f42375fad3bb6559d14ea401cb8b4dc5e2c61496ff0b,node3,http://localhost:8547,1780603285172,1780603287220,12469,2048,1
concurrent,0xa18ea4ed90a3e3a51c0b4425dbc0d19ba4b5a05c755c34fe5fd076c94916ad8a,node1,http://localhost:8545,1780603325183,1780603327133,12489,1950,13
concurrent,0xa18ea4ed90a3e3a51c0b4425dbc0d19ba4b5a05c755c34fe5fd076c94916ad8a,node2,http://localhost:8546,1780603325183,1780603327257,12489,2074,137
concurrent,0xa18ea4ed90a3e3a51c0b4425dbc0d19ba4b5a05c755c34fe5fd076c94916ad8a,node3,http://localhost:8547,1780603325183,1780603327120,12489,1937,0
concurrent,0xbd7c1f9d6de7997d7d015bdd7a922d16f0b9eda9e89a3856f1bf306428ff4392,node1,http://localhost:8545,1780603315145,1780603317184,12484,2039,89
concurrent,0xbd7c1f9d6de7997d7d015bdd7a922d16f0b9eda9e89a3856f1bf306428ff4392,node2,http://localhost:8546,1780603315145,1780603317095,12484,1950,0
concurrent,0xbd7c1f9d6de7997d7d015bdd7a922d16f0b9eda9e89a3856f1bf306428ff4392,node3,http://localhost:8547,1780603315145,1780603317184,12484,2039,89
concurrent,0x6702cac5e78a3eea854e205d4bd7e0c88fdb32cf60c8e998e05ec77e7634cbcd,node1,http://localhost:8545,1780603327302,1780603329234,12490,1932,152
concurrent,0x6702cac5e78a3eea854e205d4bd7e0c88fdb32cf60c8e998e05ec77e7634cbcd,node2,http://localhost:8546,1780603327302,1780603329082,12490,1780,0
concurrent,0x6702cac5e78a3eea854e205d4bd7e0c88fdb32cf60c8e998e05ec77e7634cbcd,node3,http://localhost:8547,1780603327302,1780603329235,12490,1933,153
concurrent,0xf7cdcb0c6997019bb971e8be5e60b114870572d4a958b44c57a27a43b3c26c3c,node1,http://localhost:8545,1780603309304,1780603311246,12481,1942,120
concurrent,0xf7cdcb0c6997019bb971e8be5e60b114870572d4a958b44c57a27a43b3c26c3c,node2,http://localhost:8546,1780603309304,1780603311126,12481,1822,0
concurrent,0xf7cdcb0c6997019bb971e8be5e60b114870572d4a958b44c57a27a43b3c26c3c,node3,http://localhost:8547,1780603309304,1780603311246,12481,1942,120
concurrent,0xfedcad53e75dfde0ed0bd178e53acf924f7c90322c95da704f7a02fc05dff4a5,node1,http://localhost:8545,1780603321233,1780603323216,12487,1983,85
concurrent,0xfedcad53e75dfde0ed0bd178e53acf924f7c90322c95da704f7a02fc05dff4a5,node2,http://localhost:8546,1780603321233,1780603323131,12487,1898,0
concurrent,0xfedcad53e75dfde0ed0bd178e53acf924f7c90322c95da704f7a02fc05dff4a5,node3,http://localhost:8547,1780603321233,1780603323217,12487,1984,86
concurrent,0x23a35332e6dd9d59545ff91e74481ef48c3168251cafbdd94b568b5fc69342f8,node1,http://localhost:8545,1780603303230,1780603305208,12478,1978,22
concurrent,0x23a35332e6dd9d59545ff91e74481ef48c3168251cafbdd94b568b5fc69342f8,node2,http://localhost:8546,1780603303230,1780603305186,12478,1956,0
concurrent,0x23a35332e6dd9d59545ff91e74481ef48c3168251cafbdd94b568b5fc69342f8,node3,http://localhost:8547,1780603303230,1780603305208,12478,1978,22
concurrent,0x8f16732c68b5f31417f1fa97ad6613aacb6c725b12f8f3aaa45f887e5b2171b3,node1,http://localhost:8545,1780603317258,1780603319284,12485,2026,69
concurrent,0x8f16732c68b5f31417f1fa97ad6613aacb6c725b12f8f3aaa45f887e5b2171b3,node2,http://localhost:8546,1780603317258,1780603319215,12485,1957,0
concurrent,0x8f16732c68b5f31417f1fa97ad6613aacb6c725b12f8f3aaa45f887e5b2171b3,node3,http://localhost:8547,1780603317258,1780603319285,12485,2027,70
concurrent,0x30e3e9410ff6cf3892d57816b8a7503e0f2518bace53fbef7d9d5a5af5896a3e,node1,http://localhost:8545,1780603303230,1780603305208,12478,1978,22
concurrent,0x30e3e9410ff6cf3892d57816b8a7503e0f2518bace53fbef7d9d5a5af5896a3e,node2,http://localhost:8546,1780603303230,1780603305186,12478,1956,0
concurrent,0x30e3e9410ff6cf3892d57816b8a7503e0f2518bace53fbef7d9d5a5af5896a3e,node3,http://localhost:8547,1780603303230,1780603305208,12478,1978,22
concurrent,0x6df0871e0bd5b57e7d0d309a1310bb511cb2a36aad84f2f074a6aa97419418a5,node1,http://localhost:8545,1780603329156,1780603331276,12491,2120,117
concurrent,0x6df0871e0bd5b57e7d0d309a1310bb511cb2a36aad84f2f074a6aa97419418a5,node2,http://localhost:8546,1780603329156,1780603331159,12491,2003,0
concurrent,0x6df0871e0bd5b57e7d0d309a1310bb511cb2a36aad84f2f074a6aa97419418a5,node3,http://localhost:8547,1780603329156,1780603331277,12491,2121,118
concurrent,0xd94a98f03c75acf4f291ae817c145892928a281e5b1cc15ace842c03f89794ac,node1,http://localhost:8545,1780603323091,1780603325321,12488,2230,296
concurrent,0xd94a98f03c75acf4f291ae817c145892928a281e5b1cc15ace842c03f89794ac,node2,http://localhost:8546,1780603323091,1780603325191,12488,2100,166
concurrent,0xd94a98f03c75acf4f291ae817c145892928a281e5b1cc15ace842c03f89794ac,node3,http://localhost:8547,1780603323091,1780603325025,12488,1934,0
concurrent,0x0406c26a0bb6528ca77a506edfa709cae9c8f7e3dca8d227f8a9ae0d33d9ca1f,node1,http://localhost:8545,1780603309304,1780603311246,12481,1942,120
concurrent,0x0406c26a0bb6528ca77a506edfa709cae9c8f7e3dca8d227f8a9ae0d33d9ca1f,node2,http://localhost:8546,1780603309304,1780603311126,12481,1822,0
concurrent,0x0406c26a0bb6528ca77a506edfa709cae9c8f7e3dca8d227f8a9ae0d33d9ca1f,node3,http://localhost:8547,1780603309304,1780603311246,12481,1942,120
concurrent,0x3705523adebc8945206b32ac7300c332c4b1dceeeb56fcff26a7573505ffb941,node1,http://localhost:8545,1780603329156,1780603331276,12491,2120,117
concurrent,0x3705523adebc8945206b32ac7300c332c4b1dceeeb56fcff26a7573505ffb941,node2,http://localhost:8546,1780603329156,1780603331159,12491,2003,0
concurrent,0x3705523adebc8945206b32ac7300c332c4b1dceeeb56fcff26a7573505ffb941,node3,http://localhost:8547,1780603329156,1780603331277,12491,2121,118
concurrent,0x4fb6168665f81542f5013ebd76889240796bbe0151a1efc750fb386b5ff4fc48,node1,http://localhost:8545,1780603325183,1780603327133,12489,1950,13
concurrent,0x4fb6168665f81542f5013ebd76889240796bbe0151a1efc750fb386b5ff4fc48,node2,http://localhost:8546,1780603325183,1780603327257,12489,2074,137
concurrent,0x4fb6168665f81542f5013ebd76889240796bbe0151a1efc750fb386b5ff4fc48,node3,http://localhost:8547,1780603325183,1780603327120,12489,1937,0
concurrent,0x4a7dc056d4a23d768983064cfd69ee74a15c84c47cf2b05d45910166871034a9,node1,http://localhost:8545,1780603323091,1780603325321,12488,2230,296
concurrent,0x4a7dc056d4a23d768983064cfd69ee74a15c84c47cf2b05d45910166871034a9,node2,http://localhost:8546,1780603323091,1780603325191,12488,2100,166
concurrent,0x4a7dc056d4a23d768983064cfd69ee74a15c84c47cf2b05d45910166871034a9,node3,http://localhost:8547,1780603323091,1780603325025,12488,1934,0
concurrent,0x056ac34ebd18f88435a862109941b656b3c1b88fb1e74564f37cbec48b7f41f1,node1,http://localhost:8545,1780603325183,1780603327133,12489,1950,13
concurrent,0x056ac34ebd18f88435a862109941b656b3c1b88fb1e74564f37cbec48b7f41f1,node2,http://localhost:8546,1780603325183,1780603327257,12489,2074,137
concurrent,0x056ac34ebd18f88435a862109941b656b3c1b88fb1e74564f37cbec48b7f41f1,node3,http://localhost:8547,1780603325183,1780603327120,12489,1937,0
concurrent,0x94064248dda2f15d624f5a23288d753ac1822e0bc93c4d5ec9c60458cea7059b,node1,http://localhost:8545,1780603321233,1780603323216,12487,1983,85
concurrent,0x94064248dda2f15d624f5a23288d753ac1822e0bc93c4d5ec9c60458cea7059b,node2,http://localhost:8546,1780603321233,1780603323131,12487,1898,0
concurrent,0x94064248dda2f15d624f5a23288d753ac1822e0bc93c4d5ec9c60458cea7059b,node3,http://localhost:8547,1780603321233,1780603323217,12487,1984,86
concurrent,0x2cd042df938d4f4dac1ddb59d67fefa78bd1f309b25e949ccb671647517efbc0,node1,http://localhost:8545,1780603291270,1780603293233,12472,1963,1
concurrent,0x2cd042df938d4f4dac1ddb59d67fefa78bd1f309b25e949ccb671647517efbc0,node2,http://localhost:8546,1780603291270,1780603293232,12472,1962,0
concurrent,0x2cd042df938d4f4dac1ddb59d67fefa78bd1f309b25e949ccb671647517efbc0,node3,http://localhost:8547,1780603291270,1780603293233,12472,1963,1
concurrent,0x2b4b43a0fde08df5ccdd5db19aec20eb9f0225c26e861adca0eeb79b3f11745a,node1,http://localhost:8545,1780603311165,1780603313025,12482,1860,0
concurrent,0x2b4b43a0fde08df5ccdd5db19aec20eb9f0225c26e861adca0eeb79b3f11745a,node2,http://localhost:8546,1780603311165,1780603313207,12482,2042,182
concurrent,0x2b4b43a0fde08df5ccdd5db19aec20eb9f0225c26e861adca0eeb79b3f11745a,node3,http://localhost:8547,1780603311165,1780603313029,12482,1864,4
concurrent,0x23c42fd0557e4e61d88b6f199a7caca21ad65f3df39272bcf9ee0a5e6edf4331,node1,http://localhost:8545,1780603329156,1780603331276,12491,2120,117
concurrent,0x23c42fd0557e4e61d88b6f199a7caca21ad65f3df39272bcf9ee0a5e6edf4331,node2,http://localhost:8546,1780603329156,1780603331159,12491,2003,0
concurrent,0x23c42fd0557e4e61d88b6f199a7caca21ad65f3df39272bcf9ee0a5e6edf4331,node3,http://localhost:8547,1780603329156,1780603331277,12491,2121,118
concurrent,0xcfb98aa538fe26d71d24179ba81308e40f20c7c892e01cb97f0310f47dde7dfd,node1,http://localhost:8545,1780603299234,1780603301033,12476,1799,0
concurrent,0xcfb98aa538fe26d71d24179ba81308e40f20c7c892e01cb97f0310f47dde7dfd,node2,http://localhost:8546,1780603299234,1780603301245,12476,2011,212
concurrent,0xcfb98aa538fe26d71d24179ba81308e40f20c7c892e01cb97f0310f47dde7dfd,node3,http://localhost:8547,1780603299234,1780603301033,12476,1799,0
concurrent,0xcaa9e00397775906f0361adcf8abd39400b1ac68df21d84b82d4ea9426a86967,node1,http://localhost:8545,1780603323091,1780603325321,12488,2230,296
concurrent,0xcaa9e00397775906f0361adcf8abd39400b1ac68df21d84b82d4ea9426a86967,node2,http://localhost:8546,1780603323091,1780603325191,12488,2100,166
concurrent,0xcaa9e00397775906f0361adcf8abd39400b1ac68df21d84b82d4ea9426a86967,node3,http://localhost:8547,1780603323091,1780603325025,12488,1934,0
concurrent,0xe09e8ae6f7b7f3492d17ceedd9534f59c94b8e825e3b236d0c851a074858cda3,node1,http://localhost:8545,1780603327302,1780603329234,12490,1932,152
concurrent,0xe09e8ae6f7b7f3492d17ceedd9534f59c94b8e825e3b236d0c851a074858cda3,node2,http://localhost:8546,1780603327302,1780603329082,12490,1780,0
concurrent,0xe09e8ae6f7b7f3492d17ceedd9534f59c94b8e825e3b236d0c851a074858cda3,node3,http://localhost:8547,1780603327302,1780603329235,12490,1933,153
concurrent,0x3f61e070d4a12916e8ae5ed34807e2d6cbedfaec767b9c921be2094d700ca5d6,node1,http://localhost:8545,1780603309304,1780603311246,12481,1942,120
concurrent,0x3f61e070d4a12916e8ae5ed34807e2d6cbedfaec767b9c921be2094d700ca5d6,node2,http://localhost:8546,1780603309304,1780603311126,12481,1822,0
concurrent,0x3f61e070d4a12916e8ae5ed34807e2d6cbedfaec767b9c921be2094d700ca5d6,node3,http://localhost:8547,1780603309304,1780603311246,12481,1942,120
concurrent,0x6a4ccff79beed3b0975ba8aa346dd376815f4d8cc70131e163b8ac7a33d3ee7c,node1,http://localhost:8545,1780603317258,1780603319284,12485,2026,69
concurrent,0x6a4ccff79beed3b0975ba8aa346dd376815f4d8cc70131e163b8ac7a33d3ee7c,node2,http://localhost:8546,1780603317258,1780603319215,12485,1957,0
concurrent,0x6a4ccff79beed3b0975ba8aa346dd376815f4d8cc70131e163b8ac7a33d3ee7c,node3,http://localhost:8547,1780603317258,1780603319285,12485,2027,70
concurrent,0x3033a229cc9a846a4b7576a88f58ba26c50b7f81051d5457d306f48a5c1a3b2a,node1,http://localhost:8545,1780603327302,1780603329234,12490,1932,152
concurrent,0x3033a229cc9a846a4b7576a88f58ba26c50b7f81051d5457d306f48a5c1a3b2a,node2,http://localhost:8546,1780603327302,1780603329082,12490,1780,0
concurrent,0x3033a229cc9a846a4b7576a88f58ba26c50b7f81051d5457d306f48a5c1a3b2a,node3,http://localhost:8547,1780603327302,1780603329235,12490,1933,153
concurrent,0xdae5edaf5b06ca03fd499cb8f92c5447c83d66d3fbe7cc961893ed77619aa02b,node1,http://localhost:8545,1780603327302,1780603329234,12490,1932,152
concurrent,0xdae5edaf5b06ca03fd499cb8f92c5447c83d66d3fbe7cc961893ed77619aa02b,node2,http://localhost:8546,1780603327302,1780603329082,12490,1780,0
concurrent,0xdae5edaf5b06ca03fd499cb8f92c5447c83d66d3fbe7cc961893ed77619aa02b,node3,http://localhost:8547,1780603327302,1780603329235,12490,1933,153
concurrent,0x454765c6d7f30036366d819a242b26bef7be5ddc643bfc05e64ff9bdb2c3103d,node1,http://localhost:8545,1780603331273,1780603333098,12492,1825,0
concurrent,0x454765c6d7f30036366d819a242b26bef7be5ddc643bfc05e64ff9bdb2c3103d,node2,http://localhost:8546,1780603331273,1780603333214,12492,1941,116
concurrent,0x454765c6d7f30036366d819a242b26bef7be5ddc643bfc05e64ff9bdb2c3103d,node3,http://localhost:8547,1780603331273,1780603333099,12492,1826,1
concurrent,0xaf0eb7ae2f803fdbc8ff47e540711abe5435d59767de1b2bce0e6f4a9abbc2e6,node1,http://localhost:8545,1780603329156,1780603331276,12491,2120,117
concurrent,0xaf0eb7ae2f803fdbc8ff47e540711abe5435d59767de1b2bce0e6f4a9abbc2e6,node2,http://localhost:8546,1780603329156,1780603331159,12491,2003,0
concurrent,0xaf0eb7ae2f803fdbc8ff47e540711abe5435d59767de1b2bce0e6f4a9abbc2e6,node3,http://localhost:8547,1780603329156,1780603331277,12491,2121,118
concurrent,0x8f070d5b8cd54bc66c5a1efcd5248f2a45ecaad7f21c6122b997df1c83941886,node1,http://localhost:8545,1780603327302,1780603329234,12490,1932,152
concurrent,0x8f070d5b8cd54bc66c5a1efcd5248f2a45ecaad7f21c6122b997df1c83941886,node2,http://localhost:8546,1780603327302,1780603329082,12490,1780,0
concurrent,0x8f070d5b8cd54bc66c5a1efcd5248f2a45ecaad7f21c6122b997df1c83941886,node3,http://localhost:8547,1780603327302,1780603329235,12490,1933,153
concurrent,0x205e58e86546ee82c463e27d5b10d87e3129287f37abea879376495c03fa7e11,node1,http://localhost:8545,1780603329156,1780603331276,12491,2120,117
concurrent,0x205e58e86546ee82c463e27d5b10d87e3129287f37abea879376495c03fa7e11,node2,http://localhost:8546,1780603329156,1780603331159,12491,2003,0
concurrent,0x205e58e86546ee82c463e27d5b10d87e3129287f37abea879376495c03fa7e11,node3,http://localhost:8547,1780603329156,1780603331277,12491,2121,118
concurrent,0x99c99ef898554050ccd920a78df7045cd925aa647c46e1fbe4a63d35246ec569,node1,http://localhost:8545,1780603329156,1780603331276,12491,2120,117
concurrent,0x99c99ef898554050ccd920a78df7045cd925aa647c46e1fbe4a63d35246ec569,node2,http://localhost:8546,1780603329156,1780603331159,12491,2003,0
concurrent,0x99c99ef898554050ccd920a78df7045cd925aa647c46e1fbe4a63d35246ec569,node3,http://localhost:8547,1780603329156,1780603331277,12491,2121,118
concurrent,0x30ec4818109b9e56e5cf7302f48696c46b6715d9b3d501313e34e85dd203038a,node1,http://localhost:8545,1780603331273,1780603333098,12492,1825,0
concurrent,0x30ec4818109b9e56e5cf7302f48696c46b6715d9b3d501313e34e85dd203038a,node2,http://localhost:8546,1780603331273,1780603333214,12492,1941,116
concurrent,0x30ec4818109b9e56e5cf7302f48696c46b6715d9b3d501313e34e85dd203038a,node3,http://localhost:8547,1780603331273,1780603333099,12492,1826,1
concurrent,0x75614b5057c13ccbb415bc09a70df9071da0b1d9aca7e9e4953df86b3fee98d4,node1,http://localhost:8545,1780603315145,1780603317184,12484,2039,89
concurrent,0x75614b5057c13ccbb415bc09a70df9071da0b1d9aca7e9e4953df86b3fee98d4,node2,http://localhost:8546,1780603315145,1780603317095,12484,1950,0
concurrent,0x75614b5057c13ccbb415bc09a70df9071da0b1d9aca7e9e4953df86b3fee98d4,node3,http://localhost:8547,1780603315145,1780603317184,12484,2039,89
concurrent,0xde8d675b814140393d72bf45c741a2acc674e7755d551e977159a0e15403212e,node1,http://localhost:8545,1780603323091,1780603325321,12488,2230,296
concurrent,0xde8d675b814140393d72bf45c741a2acc674e7755d551e977159a0e15403212e,node2,http://localhost:8546,1780603323091,1780603325191,12488,2100,166
concurrent,0xde8d675b814140393d72bf45c741a2acc674e7755d551e977159a0e15403212e,node3,http://localhost:8547,1780603323091,1780603325025,12488,1934,0
concurrent,0xa4c026f95e45abc64396c54f8be84b52e0726074628cbd6d0c6fe6ec652bfb9a,node1,http://localhost:8545,1780603315145,1780603317184,12484,2039,89
concurrent,0xa4c026f95e45abc64396c54f8be84b52e0726074628cbd6d0c6fe6ec652bfb9a,node2,http://localhost:8546,1780603315145,1780603317095,12484,1950,0
concurrent,0xa4c026f95e45abc64396c54f8be84b52e0726074628cbd6d0c6fe6ec652bfb9a,node3,http://localhost:8547,1780603315145,1780603317184,12484,2039,89
concurrent,0xb0564bf4f51ba16cae37d49e7343ef0e336a40badb353456d0c39dc7079b2fdc,node1,http://localhost:8545,1780603311166,1780603313025,12482,1859,0
concurrent,0xb0564bf4f51ba16cae37d49e7343ef0e336a40badb353456d0c39dc7079b2fdc,node2,http://localhost:8546,1780603311166,1780603313207,12482,2041,182
concurrent,0xb0564bf4f51ba16cae37d49e7343ef0e336a40badb353456d0c39dc7079b2fdc,node3,http://localhost:8547,1780603311166,1780603313029,12482,1863,4
concurrent,0x085ee389a1f76dff810c7a8b1a4d06c8084ffc00d341c13d21ee92eb60adb40e,node1,http://localhost:8545,1780603331273,1780603333098,12492,1825,0
concurrent,0x085ee389a1f76dff810c7a8b1a4d06c8084ffc00d341c13d21ee92eb60adb40e,node2,http://localhost:8546,1780603331273,1780603333214,12492,1941,116
concurrent,0x085ee389a1f76dff810c7a8b1a4d06c8084ffc00d341c13d21ee92eb60adb40e,node3,http://localhost:8547,1780603331273,1780603333099,12492,1826,1
concurrent,0x1ca9736b7e73f9aa4597211ecea26e2db5c5abbc7aa4ecb8007c2b0e099f127d,node1,http://localhost:8545,1780603319114,1780603321092,12486,1978,59
concurrent,0x1ca9736b7e73f9aa4597211ecea26e2db5c5abbc7aa4ecb8007c2b0e099f127d,node2,http://localhost:8546,1780603319114,1780603321033,12486,1919,0
concurrent,0x1ca9736b7e73f9aa4597211ecea26e2db5c5abbc7aa4ecb8007c2b0e099f127d,node3,http://localhost:8547,1780603319114,1780603321099,12486,1985,66
concurrent,0x91ac20a1d6a0454655ba0c8ae27cac8dad38b68dfd058f280c1577b774b7cf0d,node1,http://localhost:8545,1780603317258,1780603319284,12485,2026,69
concurrent,0x91ac20a1d6a0454655ba0c8ae27cac8dad38b68dfd058f280c1577b774b7cf0d,node2,http://localhost:8546,1780603317258,1780603319215,12485,1957,0
concurrent,0x91ac20a1d6a0454655ba0c8ae27cac8dad38b68dfd058f280c1577b774b7cf0d,node3,http://localhost:8547,1780603317258,1780603319285,12485,2027,70
concurrent,0x34a8a5617bab358a8228380ccc5d1e592cc32e585735be20250a66f6fbcd0e3f,node1,http://localhost:8545,1780603327302,1780603329234,12490,1932,152
concurrent,0x34a8a5617bab358a8228380ccc5d1e592cc32e585735be20250a66f6fbcd0e3f,node2,http://localhost:8546,1780603327302,1780603329082,12490,1780,0
concurrent,0x34a8a5617bab358a8228380ccc5d1e592cc32e585735be20250a66f6fbcd0e3f,node3,http://localhost:8547,1780603327302,1780603329235,12490,1933,153
concurrent,0x93bd896a5af8ed4156a67e7e095f4d7f92ab124d83785441cde40c0dc77ee52b,node1,http://localhost:8545,1780603325183,1780603327133,12489,1950,13
concurrent,0x93bd896a5af8ed4156a67e7e095f4d7f92ab124d83785441cde40c0dc77ee52b,node2,http://localhost:8546,1780603325183,1780603327257,12489,2074,137
concurrent,0x93bd896a5af8ed4156a67e7e095f4d7f92ab124d83785441cde40c0dc77ee52b,node3,http://localhost:8547,1780603325183,1780603327120,12489,1937,0
concurrent,0x87474e48123c4d1163aa22ec53d4158367a9a45f7bf0e4bf87213000b355f9eb,node1,http://localhost:8545,1780603313290,1780603315117,12483,1827,0
concurrent,0x87474e48123c4d1163aa22ec53d4158367a9a45f7bf0e4bf87213000b355f9eb,node2,http://localhost:8546,1780603313290,1780603315281,12483,1991,164
concurrent,0x87474e48123c4d1163aa22ec53d4158367a9a45f7bf0e4bf87213000b355f9eb,node3,http://localhost:8547,1780603313290,1780603315117,12483,1827,0
concurrent,0xd05979b5315775bdb8d118c6e32886d3d282a08a61ce6dfd5d3d9536d5d33b14,node1,http://localhost:8545,1780603329156,1780603331276,12491,2120,117
concurrent,0xd05979b5315775bdb8d118c6e32886d3d282a08a61ce6dfd5d3d9536d5d33b14,node2,http://localhost:8546,1780603329156,1780603331159,12491,2003,0
concurrent,0xd05979b5315775bdb8d118c6e32886d3d282a08a61ce6dfd5d3d9536d5d33b14,node3,http://localhost:8547,1780603329156,1780603331277,12491,2121,118
concurrent,0x3158983842a01effc23fd1d275775dd4ee13fd006f7caa2d761b11c9d20470d6,node1,http://localhost:8545,1780603331273,1780603333098,12492,1825,0
concurrent,0x3158983842a01effc23fd1d275775dd4ee13fd006f7caa2d761b11c9d20470d6,node2,http://localhost:8546,1780603331273,1780603333214,12492,1941,116
concurrent,0x3158983842a01effc23fd1d275775dd4ee13fd006f7caa2d761b11c9d20470d6,node3,http://localhost:8547,1780603331273,1780603333099,12492,1826,1
concurrent,0x15b36d7bbbcffc6c15ce841bf79d69f72ec0b44ca26b6d49cee48e3b5cdd666c,node1,http://localhost:8545,1780603327302,1780603329234,12490,1932,152
concurrent,0x15b36d7bbbcffc6c15ce841bf79d69f72ec0b44ca26b6d49cee48e3b5cdd666c,node2,http://localhost:8546,1780603327302,1780603329082,12490,1780,0
concurrent,0x15b36d7bbbcffc6c15ce841bf79d69f72ec0b44ca26b6d49cee48e3b5cdd666c,node3,http://localhost:8547,1780603327302,1780603329235,12490,1933,153
concurrent,0xed076a307750147fd83a953a654ec8a7deb48a137d41e22da2f70db148b768a2,node1,http://localhost:8545,1780603329156,1780603331276,12491,2120,117
concurrent,0xed076a307750147fd83a953a654ec8a7deb48a137d41e22da2f70db148b768a2,node2,http://localhost:8546,1780603329156,1780603331159,12491,2003,0
concurrent,0xed076a307750147fd83a953a654ec8a7deb48a137d41e22da2f70db148b768a2,node3,http://localhost:8547,1780603329156,1780603331277,12491,2121,118
concurrent,0xe9774627d52b0a39939feee4eff7372d956ee0ab7b05c9feef19a1749746732d,node1,http://localhost:8545,1780603331273,1780603333098,12492,1825,0
concurrent,0xe9774627d52b0a39939feee4eff7372d956ee0ab7b05c9feef19a1749746732d,node2,http://localhost:8546,1780603331273,1780603333214,12492,1941,116
concurrent,0xe9774627d52b0a39939feee4eff7372d956ee0ab7b05c9feef19a1749746732d,node3,http://localhost:8547,1780603331273,1780603333099,12492,1826,1
